nome_arquivo,extensao,tamanho_kb,entropia,tem_macros,categoria,nivel_risco,classe
payment_document.gz,gz,7488,6.135241544291611,True,compactados,alto,malicioso
purpose.odp,odp,1630,4.775416898312635,False,apresentacoes,baixo,seguro
brother.rar,rar,2380,6.1356786900260465,True,compactados,alto,malicioso
ago.gz,gz,7245,6.236271950531946,False,compactados,medio,malicioso
site.png,png,668,5.294109986123311,False,imagens,baixo,seguro
face_election.svg,svg,758,4.186773247165481,False,imagens,baixo,seguro
payment.odt,odt,1445,4.9115024697549,False,documentos,baixo,seguro
dog.xlsx,xlsx,7191,7.2060909669627655,False,planilhas,medio,malicioso
chair.txt,txt,866,6.073199283201058,False,documentos,baixo,seguro
since_blue.pptx,pptx,3290,5.940698104213918,False,apresentacoes,baixo,seguro
require_sit.txt,txt,959,6.4105541804257316,False,documentos,baixo,seguro
delivery.zip,zip,938,6.356406828649602,True,compactados,alto,malicioso
wait_offer.svg,svg,2197,5.1476589172559954,False,imagens,baixo,seguro
update.ods,ods,5141,7.046594113305073,False,planilhas,medio,malicioso
begin.cmd,cmd,2572,6.946913458943671,False,executaveis,alto,malicioso
shipping.pptx,pptx,2006,4.870359418196941,False,apresentacoes,baixo,seguro
bank.ps1,ps1,4576,7.46808275208631,False,executaveis,alto,malicioso
performance_knowledge.odp,odp,2455,6.012427767819264,False,apresentacoes,baixo,seguro
almost.tar,tar,7366,7.02330309763736,True,compactados,alto,malicioso
password.gif,gif,1966,5.215392925954704,False,imagens,baixo,seguro
all.ods,ods,3133,4.658236257472947,False,planilhas,baixo,seguro
payment_statement.ppt,ppt,1694,7.660961710703186,False,apresentacoes,medio,malicioso
refund.jpg,jpg,1274,3.7244847447311265,False,imagens,baixo,seguro
better.pptx,pptx,667,6.055295877052075,False,apresentacoes,baixo,seguro
discover.pptx,pptx,8044,7.657527733057219,True,apresentacoes,alto,malicioso
early.doc,doc,1873,5.740299100213781,False,documentos,baixo,seguro
confidential.js,js,4956,7.716505717895924,True,executaveis,alto,malicioso
mouth.docx,docx,2010,5.0934989544462805,False,documentos,baixo,seguro
play.xlsx,xlsx,3143,5.359131105612246,False,planilhas,baixo,seguro
verify.rar,rar,203,7.70792621023061,False,compactados,alto,malicioso
agreement.cmd,cmd,9676,6.568393073335168,False,executaveis,alto,malicioso
tax.csv,csv,1797,6.450690833662392,False,planilhas,medio,malicioso
tax_payment.7z,7z,9985,7.415827092854544,False,compactados,medio,malicioso
option.ppt,ppt,1567,5.362673489390913,False,apresentacoes,baixo,seguro
bank.odp,odp,695,6.586972479510009,False,apresentacoes,medio,malicioso
decide.odp,odp,2686,5.742442594815115,False,apresentacoes,baixo,seguro
sense.xlsx,xlsx,3007,5.092557121108355,False,planilhas,baixo,seguro
rate.docx,docx,7944,7.838029744716944,True,documentos,alto,malicioso
science_offer.ppt,ppt,1858,6.080421790696466,False,apresentacoes,baixo,seguro
kind.bmp,bmp,124,4.293375735057271,False,imagens,baixo,seguro
discussion.txt,txt,2157,5.253680274956498,False,documentos,baixo,seguro
list.ppt,ppt,4609,4.484018845452128,False,apresentacoes,baixo,seguro
order.ppt,ppt,5001,7.233554947940723,True,apresentacoes,alto,malicioso
perform.pdf,pdf,806,4.204400097293988,False,documentos,baixo,seguro
fall.ods,ods,4435,4.757380260244169,False,planilhas,baixo,seguro
shipping.txt,txt,4633,6.062160945024589,True,documentos,alto,malicioso
receipt.gif,gif,823,6.442783154972201,False,imagens,baixo,seguro
receipt.odp,odp,506,4.6944189282331195,False,apresentacoes,baixo,seguro
table.js,js,1551,7.259260602317759,False,executaveis,alto,malicioso
update.pdf,pdf,1041,5.860934299928948,False,documentos,baixo,seguro
delivery.xls,xls,1707,5.259149250744686,False,planilhas,baixo,seguro
invoice_bank.docx,docx,2179,7.026409368039988,False,documentos,medio,malicioso
bank.odt,odt,131,4.574726837649599,False,documentos,baixo,seguro
true_according.csv,csv,1048,5.7251541708624485,False,planilhas,baixo,seguro
song.odt,odt,2975,5.0397138728275745,False,documentos,baixo,seguro
sure.txt,txt,365,5.681728991491205,False,documentos,baixo,seguro
invoice_shipping.odp,odp,6630,6.809919876631985,True,apresentacoes,alto,malicioso
collection.xls,xls,5327,7.155765104903536,True,planilhas,alto,malicioso
save.odp,odp,2673,4.642713196455563,False,apresentacoes,baixo,seguro
knowledge.pptx,pptx,947,6.058378211886725,False,apresentacoes,baixo,seguro
grow_fall.ods,ods,2786,5.982257674340135,False,planilhas,baixo,seguro
statement.gif,gif,3506,4.437570713425603,False,imagens,baixo,seguro
clearly.vbs,vbs,1149,6.173327097895492,True,executaveis,alto,malicioso
receipt.jpg,jpg,1075,5.16911220684605,False,imagens,baixo,seguro
dinner.odp,odp,3474,6.104276446607194,False,apresentacoes,baixo,seguro
tracking_shipping.csv,csv,3724,7.60982221145641,True,planilhas,alto,malicioso
update.ppt,ppt,3525,6.0354654839850745,False,apresentacoes,baixo,seguro
verify.rtf,rtf,247,4.041248215882563,False,documentos,baixo,seguro
source_great.pptx,pptx,1183,5.198963284284129,False,apresentacoes,baixo,seguro
blue.jpg,jpg,261,3.775273049163336,False,imagens,baixo,seguro
best.ods,ods,3041,4.434912109112649,False,planilhas,baixo,seguro
husband.odp,odp,1284,3.972229691321459,False,apresentacoes,baixo,seguro
bill.odt,odt,3483,4.956985114672989,False,documentos,baixo,seguro
her.gif,gif,942,4.535518566442585,False,imagens,baixo,seguro
throw.docx,docx,4326,5.501397676209049,False,documentos,baixo,seguro
password_password.pptm,pptm,2298,7.451905701946371,True,macros,alto,malicioso
refund_tax.exe,exe,8775,7.336975400427061,False,executaveis,alto,malicioso
payment.xls,xls,7582,7.750208625554584,False,planilhas,medio,malicioso
guy.bmp,bmp,2381,3.845520117991395,False,imagens,baixo,seguro
PM.docm,docm,7588,7.5808492348362435,True,macros,alto,malicioso
everything.txt,txt,4036,6.827785401186761,False,documentos,medio,malicioso
statement.txt,txt,1825,4.499205867479396,False,documentos,baixo,seguro
surface_animal.xls,xls,4187,4.081711118800701,False,planilhas,baixo,seguro
bank_account.xlsx,xlsx,9919,6.2904525991112665,False,planilhas,medio,malicioso
shipping.doc,doc,3810,5.763337475740958,False,documentos,baixo,seguro
show.csv,csv,5229,6.286819062646846,True,planilhas,alto,malicioso
receipt.xlsm,xlsm,5135,6.877310724248263,True,macros,alto,malicioso
machine_not.pdf,pdf,749,5.345025165246721,False,documentos,baixo,seguro
capital.gif,gif,346,4.849201110952719,False,imagens,baixo,seguro
win.csv,csv,516,4.851569327045274,False,planilhas,baixo,seguro
account_order.xls,xls,7249,6.995730251023332,False,planilhas,medio,malicioso
tax.pptx,pptx,3358,5.823394365721207,False,apresentacoes,baixo,seguro
human_bar.odt,odt,784,5.173889637255207,False,documentos,baixo,seguro
old.png,png,4947,6.119838986181616,False,imagens,baixo,seguro
finally_themselves.ppt,ppt,2875,4.430695212655436,False,apresentacoes,baixo,seguro
urgent_tax.pptx,pptx,5431,7.545051089248123,False,apresentacoes,medio,malicioso
production.odt,odt,159,4.587793006946133,False,documentos,baixo,seguro
present.bat,bat,8017,6.364809943962334,False,executaveis,alto,malicioso
value.xls,xls,4168,5.812624161089303,False,planilhas,baixo,seguro
bank.ppt,ppt,2577,6.308269702968056,False,apresentacoes,medio,malicioso
refund_update.odt,odt,7327,7.1601313020390505,False,documentos,medio,malicioso
training.jpeg,jpeg,3852,6.211923014412374,False,imagens,baixo,seguro
high.gz,gz,7614,7.461933248753595,False,compactados,medio,malicioso
participant.docm,docm,9956,6.262957215746519,True,macros,alto,malicioso
dark.tar,tar,9135,7.77515775259525,False,compactados,medio,malicioso
account_tracking.bat,bat,2464,7.578988765412554,True,executaveis,alto,malicioso
sea.csv,csv,6847,6.101188085625042,False,planilhas,medio,malicioso
statement.bat,bat,5543,7.5036232112161345,True,executaveis,alto,malicioso
available_answer.pptx,pptx,3852,4.84580442194674,False,apresentacoes,baixo,seguro
recently_drive.pdf,pdf,1234,5.146412736331506,False,documentos,baixo,seguro
document_confidential.pptx,pptx,832,6.453035056573663,False,apresentacoes,medio,malicioso
spring.jpg,jpg,4898,5.108161352942184,False,imagens,baixo,seguro
figure_base.xlsx,xlsx,2900,4.22169271641963,False,planilhas,baixo,seguro
top_early.jpeg,jpeg,2964,3.7030379687265382,False,imagens,baixo,seguro
payment.txt,txt,3179,6.443118267654681,False,documentos,baixo,seguro
receipt_confidential.bat,bat,9583,7.396855271143392,True,executaveis,alto,malicioso
trial.docx,docx,1444,5.991150970290808,False,documentos,baixo,seguro
blood_husband.svg,svg,1114,3.689301611096674,False,imagens,baixo,seguro
fall_long.jpg,jpg,1644,6.157371156854316,False,imagens,baixo,seguro
prove.pptx,pptx,4458,4.920199303030531,False,apresentacoes,baixo,seguro
they.odt,odt,401,6.097394831234173,False,documentos,baixo,seguro
his.pptx,pptx,3286,5.729923116558863,False,apresentacoes,baixo,seguro
commercial.csv,csv,8179,7.314930133113969,True,planilhas,alto,malicioso
urgent.ppt,ppt,3537,5.307359896490682,False,apresentacoes,baixo,seguro
hospital_hear.csv,csv,2431,4.419487568272258,False,planilhas,baixo,seguro
determine.jpeg,jpeg,356,5.680443187133308,False,imagens,baixo,seguro
payment_tax.pptx,pptx,6002,6.974863436982649,False,apresentacoes,medio,malicioso
religious.msi,msi,7229,6.0661180350172295,True,executaveis,alto,malicioso
payment.csv,csv,7421,7.802764705604558,True,planilhas,alto,malicioso
example.rtf,rtf,2585,5.448682210118095,False,documentos,baixo,seguro
shipping.exe,exe,9252,6.223745891432283,False,executaveis,alto,malicioso
shipping_bank.rtf,rtf,1263,6.858881101966255,False,documentos,medio,malicioso
statement.js,js,1113,7.044994580225092,True,executaveis,alto,malicioso
account.ppt,ppt,2971,5.026267235522902,False,apresentacoes,baixo,seguro
update.doc,doc,4057,3.578852080424797,False,documentos,baixo,seguro
science.xlsm,xlsm,9088,6.246565336456164,True,macros,alto,malicioso
write.pdf,pdf,3931,5.077086964490901,False,documentos,baixo,seguro
result.bmp,bmp,617,4.849923486988988,False,imagens,baixo,seguro
delivery.ppt,ppt,4825,4.045889409656412,False,apresentacoes,baixo,seguro
raise.xls,xls,8538,6.290729386939381,True,planilhas,alto,malicioso
tracking.rar,rar,1342,6.476150087065799,False,compactados,alto,malicioso
tracking.pptm,pptm,9746,7.789053276950332,True,macros,alto,malicioso
statement.gz,gz,9284,6.07826917669139,False,compactados,medio,malicioso
verify.pdf,pdf,1736,5.800877002748933,False,documentos,baixo,seguro
delivery_document.zip,zip,7962,6.465268030232992,False,compactados,alto,malicioso
away_politics.jpg,jpg,3414,4.952753390322078,False,imagens,baixo,seguro
prove.csv,csv,2625,5.7025992644136405,False,planilhas,baixo,seguro
Congress.pptx,pptx,4611,3.818551800827292,False,apresentacoes,baixo,seguro
none.ods,ods,1164,3.7904349576817142,False,planilhas,baixo,seguro
account.pptm,pptm,9514,7.370144014762031,True,macros,alto,malicioso
shoulder.cmd,cmd,7698,6.947643445955543,True,executaveis,alto,malicioso
update_receipt.pptm,pptm,847,6.096026768792995,True,macros,alto,malicioso
shipping.bmp,bmp,2350,5.110072247866781,False,imagens,baixo,seguro
election_common.txt,txt,3006,5.791570292485969,False,documentos,baixo,seguro
password_document.docm,docm,1254,6.734062767461579,True,macros,alto,malicioso
maintain.bmp,bmp,983,3.8859901720676455,False,imagens,baixo,seguro
hundred.txt,txt,4579,6.316845700866127,False,documentos,baixo,seguro
expect.xlsx,xlsx,339,3.635910057401224,False,planilhas,baixo,seguro
bank.xlsm,xlsm,8496,6.265583872967475,True,macros,alto,malicioso
document.xlsx,xlsx,8361,7.573749833319015,False,planilhas,medio,malicioso
receipt.pptx,pptx,2723,5.52141917741905,False,apresentacoes,baixo,seguro
wish.bmp,bmp,228,5.290728847859581,False,imagens,baixo,seguro
payment.gz,gz,2843,6.996041431986898,False,compactados,medio,malicioso
update.jpeg,jpeg,268,5.217710814212378,False,imagens,baixo,seguro
refund_password.pdf,pdf,6773,6.953457058760876,False,documentos,medio,malicioso
tracking_statement.zip,zip,7887,6.998406587660067,True,compactados,alto,malicioso
statement.ods,ods,4485,4.562860965934439,False,planilhas,baixo,seguro
verify.odp,odp,3200,7.818941052767533,True,apresentacoes,alto,malicioso
document.ppt,ppt,2377,5.614702810509751,False,apresentacoes,baixo,seguro
push.png,png,2250,4.363368126493858,False,imagens,baixo,seguro
rise.tar,tar,6514,7.554917174248069,False,compactados,medio,malicioso
onto.csv,csv,657,4.53909054228685,False,planilhas,baixo,seguro
discuss.svg,svg,1665,5.983855110524101,False,imagens,baixo,seguro
reveal_garden.odp,odp,4817,4.217846197838888,False,apresentacoes,baixo,seguro
payment_statement.rar,rar,7789,6.191035319076961,False,compactados,alto,malicioso
shipping.cmd,cmd,3317,7.436231012876606,True,executaveis,alto,malicioso
update.js,js,661,7.73513647877272,True,executaveis,alto,malicioso
tax.xls,xls,4068,4.058934895767466,False,planilhas,baixo,seguro
confidential.xls,xls,5539,6.540667139465088,False,planilhas,medio,malicioso
threat.docm,docm,7718,6.518390454846186,True,macros,alto,malicioso
special.docx,docx,2117,5.655794520367661,False,documentos,baixo,seguro
stand_arrive.odt,odt,1592,4.026484741515394,False,documentos,baixo,seguro
drop_term.gif,gif,791,4.05434360314202,False,imagens,baixo,seguro
almost_support.ods,ods,2146,4.650723172028092,False,planilhas,baixo,seguro
document.png,png,4781,5.668647585202992,False,imagens,baixo,seguro
four.docx,docx,518,5.503358344396014,False,documentos,baixo,seguro
document.cmd,cmd,4883,6.6983334158941235,True,executaveis,alto,malicioso
receipt.xlsx,xlsx,9048,7.734314087737898,False,planilhas,medio,malicioso
urgent.doc,doc,8703,7.337155637796158,True,documentos,alto,malicioso
tracking.pdf,pdf,1666,5.218105022683594,False,documentos,baixo,seguro
institution.xlsx,xlsx,962,5.540885713817213,False,planilhas,baixo,seguro
order.jpg,jpg,465,4.860296900539346,False,imagens,baixo,seguro
executive.gif,gif,2534,5.669840239475007,False,imagens,baixo,seguro
password.png,png,4747,3.719088577746372,False,imagens,baixo,seguro
delivery.png,png,503,6.303748396654839,False,imagens,baixo,seguro
account.docm,docm,6937,6.711475749212709,True,macros,alto,malicioso
delivery_receipt.ods,ods,1993,6.339099895107812,False,planilhas,medio,malicioso
invoice.xlsx,xlsx,2454,4.88901170358434,False,planilhas,baixo,seguro
attorney_development.bmp,bmp,3783,4.53847920496288,False,imagens,baixo,seguro
confidential.ppt,ppt,273,5.928434550617583,False,apresentacoes,baixo,seguro
confidential.msi,msi,7364,7.135791303789951,False,executaveis,alto,malicioso
tax.doc,doc,3605,4.203017835462685,False,documentos,baixo,seguro
white.xls,xls,1928,5.94735877028995,False,planilhas,baixo,seguro
yes.odp,odp,2636,4.210712104330161,False,apresentacoes,baixo,seguro
document_delivery.odp,odp,9743,7.671456392831378,False,apresentacoes,medio,malicioso
our.bmp,bmp,3132,5.857413787941554,False,imagens,baixo,seguro
tax_delivery.xlsm,xlsm,7808,6.457839559121041,True,macros,alto,malicioso
bank.csv,csv,3803,6.244223521447717,False,planilhas,baixo,seguro
tax_password.pptm,pptm,5461,7.228741117941095,True,macros,alto,malicioso
under.png,png,1570,3.6546098873420414,False,imagens,baixo,seguro
urgent_delivery.gz,gz,3605,6.9108489922947385,False,compactados,medio,malicioso
invoice.pptx,pptx,1745,6.311479289606743,False,apresentacoes,baixo,seguro
serious.odt,odt,7896,7.737438463873618,False,documentos,medio,malicioso
delivery.ods,ods,2644,5.826541646191311,False,planilhas,baixo,seguro
receipt.7z,7z,8197,6.8854077271175065,False,compactados,medio,malicioso
refund_update.xlsx,xlsx,2440,6.030817811902395,False,planilhas,medio,malicioso
forward.png,png,3121,5.2093685381121055,False,imagens,baixo,seguro
difference.ods,ods,2775,4.271980272904648,False,planilhas,baixo,seguro
order_receipt.odp,odp,2823,6.265921204303173,False,apresentacoes,medio,malicioso
reality.xls,xls,618,6.3355643336026946,False,planilhas,baixo,seguro
money.pdf,pdf,1905,3.703903824996268,False,documentos,baixo,seguro
individual.xls,xls,505,5.35350570763041,False,planilhas,baixo,seguro
usually_who.svg,svg,4529,4.73401552465225,False,imagens,baixo,seguro
delivery.rtf,rtf,2358,3.5514277928072815,False,documentos,baixo,seguro
question.pptx,pptx,2987,6.203331214519537,True,apresentacoes,alto,malicioso
low.xlsx,xlsx,2913,4.301974210029908,False,planilhas,baixo,seguro
update.xlsm,xlsm,3750,6.569951816645854,True,macros,alto,malicioso
payment.odt,odt,775,4.715834894312859,False,documentos,baixo,seguro
account_refund.docm,docm,5477,7.075127593106966,True,macros,alto,malicioso
update.rtf,rtf,1741,6.203818877073755,False,documentos,baixo,seguro
character_evidence.png,png,2306,6.197934952595026,False,imagens,baixo,seguro
chair.msi,msi,5202,6.029750380864676,True,executaveis,alto,malicioso
employee.tar,tar,4953,6.308655476357941,True,compactados,alto,malicioso
statement.svg,svg,3154,5.766827793562677,False,imagens,baixo,seguro
receipt_refund.zip,zip,3853,7.593481849465032,True,compactados,alto,malicioso
size_option.png,png,3700,4.971810368332379,False,imagens,baixo,seguro
tax_document.xlsm,xlsm,4087,7.354906212088933,True,macros,alto,malicioso
bank.cmd,cmd,5238,6.6853304334167145,True,executaveis,alto,malicioso
nothing_everyone.pptx,pptx,1095,3.7618916970653484,False,apresentacoes,baixo,seguro
skin.gif,gif,856,3.578785712039892,False,imagens,baixo,seguro
statement.ps1,ps1,252,6.55450996746301,True,executaveis,alto,malicioso
account.rar,rar,2827,6.2637961120228915,True,compactados,alto,malicioso
pattern.jpeg,jpeg,3459,4.39925676176469,False,imagens,baixo,seguro
later_water.docx,docx,4071,5.281419194117236,False,documentos,baixo,seguro
past.ods,ods,3251,4.496651645934881,False,planilhas,baixo,seguro
inside.png,png,4879,3.908373414734794,False,imagens,baixo,seguro
password.odp,odp,3934,4.442549843586324,False,apresentacoes,baixo,seguro
high.png,png,4032,6.403289256450815,False,imagens,baixo,seguro
discuss.csv,csv,3228,4.595046612185713,False,planilhas,baixo,seguro
certainly.xlsx,xlsx,3791,6.3289247462533496,False,planilhas,baixo,seguro
urgent.ods,ods,3361,5.518932957186621,False,planilhas,baixo,seguro
Mr.csv,csv,3476,5.8672302896601884,False,planilhas,baixo,seguro
shipping.txt,txt,4779,4.702415291988121,False,documentos,baixo,seguro
minute.bmp,bmp,4408,5.281459830064632,False,imagens,baixo,seguro
receipt.pdf,pdf,1372,5.440999543950213,False,documentos,baixo,seguro
benefit.tar,tar,5482,7.834861877656274,False,compactados,medio,malicioso
someone.pdf,pdf,4259,5.173980249029062,False,documentos,baixo,seguro
order.txt,txt,9693,7.311830880872049,True,documentos,alto,malicioso
urgent_bank.xls,xls,5757,6.592591653405329,False,planilhas,medio,malicioso
anyone_traditional.ods,ods,3716,4.456728422653101,False,planilhas,baixo,seguro
statement.zip,zip,2742,7.766852648328326,False,compactados,alto,malicioso
order_tax.pptm,pptm,3072,6.354135158038957,True,macros,alto,malicioso
password.xls,xls,7087,6.738787982675843,False,planilhas,medio,malicioso
urgent.csv,csv,4739,3.805256146181427,False,planilhas,baixo,seguro
break.csv,csv,2159,5.5121042846732555,False,planilhas,baixo,seguro
tax.7z,7z,5750,6.668771356392531,False,compactados,medio,malicioso
urgent.csv,csv,1107,4.4395572345970935,False,planilhas,baixo,seguro
bank.msi,msi,6902,7.133209053143471,False,executaveis,alto,malicioso
account.pptm,pptm,8072,6.548786070693756,True,macros,alto,malicioso
payment.csv,csv,2951,6.355525851463901,False,planilhas,baixo,seguro
claim.jpeg,jpeg,4610,5.016314059192011,False,imagens,baixo,seguro
product.gif,gif,3646,4.966098535819057,False,imagens,baixo,seguro
collection.rtf,rtf,2402,3.598085260574212,False,documentos,baixo,seguro
structure.csv,csv,4067,5.1491785536141546,False,planilhas,baixo,seguro
response.rtf,rtf,3015,5.12613013735289,False,documentos,baixo,seguro
knowledge_pick.odt,odt,3492,3.807249316632495,False,documentos,baixo,seguro
payment.csv,csv,3694,4.2884456742236825,False,planilhas,baixo,seguro
confidential.txt,txt,1951,4.129634502769322,False,documentos,baixo,seguro
attack.odp,odp,1150,5.854547929911755,False,apresentacoes,baixo,seguro
image.xls,xls,4899,5.116305638142914,False,planilhas,baixo,seguro
I.odp,odp,4224,6.456464906785382,False,apresentacoes,baixo,seguro
pick.doc,doc,6793,7.745660552476668,False,documentos,medio,malicioso
management.xlsx,xlsx,2037,5.784420762439571,False,planilhas,baixo,seguro
newspaper.gif,gif,3403,4.625516983538681,False,imagens,baixo,seguro
urgent.odt,odt,3310,5.046840416263097,False,documentos,baixo,seguro
enter.xlsm,xlsm,5412,7.105715534871063,True,macros,alto,malicioso
receipt.odt,odt,528,5.887033779943536,False,documentos,baixo,seguro
password.jpeg,jpeg,4062,4.305610514943267,False,imagens,baixo,seguro
shipping.xlsx,xlsx,843,6.087291558751404,False,planilhas,medio,malicioso
on.pdf,pdf,2638,6.838443302865211,True,documentos,alto,malicioso
bank.jpeg,jpeg,2482,3.976932388717458,False,imagens,baixo,seguro
traditional_yes.ppt,ppt,3056,5.493526434238261,False,apresentacoes,baixo,seguro
activity.xls,xls,1928,4.78769282226604,False,planilhas,baixo,seguro
urgent_update.exe,exe,8560,7.291967177731,True,executaveis,alto,malicioso
refund.ppt,ppt,1092,4.933100724313295,False,apresentacoes,baixo,seguro
response.vbs,vbs,1740,6.5953678071377215,False,executaveis,alto,malicioso
bank.ods,ods,1180,3.705234822567737,False,planilhas,baixo,seguro
set.rtf,rtf,1755,5.384240115022708,False,documentos,baixo,seguro
building.ods,ods,1789,3.7600641003979653,False,planilhas,baixo,seguro
tax.doc,doc,2889,6.389746131659792,False,documentos,baixo,seguro
rest.ppt,ppt,2042,5.16018989535419,False,apresentacoes,baixo,seguro
value.odp,odp,2481,4.116337154457326,False,apresentacoes,baixo,seguro
not_social.ods,ods,1970,4.9846631598298,False,planilhas,baixo,seguro
example.doc,doc,4337,6.166173584260723,False,documentos,baixo,seguro
bank.docx,docx,3178,6.082442011810242,False,documentos,baixo,seguro
shipping.pptm,pptm,1245,6.031709863364627,True,macros,alto,malicioso
specific_put.pdf,pdf,505,6.346039990841374,False,documentos,baixo,seguro
refund.pptm,pptm,6640,6.156612842656827,True,macros,alto,malicioso
grow_brother.csv,csv,1674,6.422940153063687,False,planilhas,baixo,seguro
finally.csv,csv,551,4.4305084801914365,False,planilhas,baixo,seguro
update.svg,svg,484,4.233439261158097,False,imagens,baixo,seguro
learn.jpg,jpg,2543,5.498238736577932,False,imagens,baixo,seguro
coach_long.xls,xls,102,3.9914978928062226,False,planilhas,baixo,seguro
verify_bank.odp,odp,4453,7.392578091354579,True,apresentacoes,alto,malicioso
verify.docx,docx,4301,3.691615967369444,False,documentos,baixo,seguro
order.odp,odp,958,6.949259010946628,False,apresentacoes,medio,malicioso
about.docm,docm,1939,6.433968403991177,True,macros,alto,malicioso
seven.js,js,4056,6.0873649067905005,True,executaveis,alto,malicioso
payment.xlsx,xlsx,4539,5.909346459372662,False,planilhas,baixo,seguro
type.jpeg,jpeg,2630,4.31377387402945,False,imagens,baixo,seguro
serve.rtf,rtf,441,4.038033050816917,False,documentos,baixo,seguro
order.txt,txt,5140,6.621871751279626,False,documentos,medio,malicioso
document.bat,bat,4024,6.881460712102949,False,executaveis,alto,malicioso
delivery.jpeg,jpeg,2018,3.951699130379659,False,imagens,baixo,seguro
invoice.doc,doc,73,7.44196539110599,True,documentos,alto,malicioso
everyone.ppt,ppt,3449,4.976086630549693,False,apresentacoes,baixo,seguro
payment.vbs,vbs,8565,6.7848079266519035,False,executaveis,alto,malicioso
month_sound.svg,svg,1103,5.411647040098076,False,imagens,baixo,seguro
bank_verify.gz,gz,5211,7.7594797083851095,True,compactados,alto,malicioso
could_movement.pptx,pptx,1670,3.908335539250157,False,apresentacoes,baixo,seguro
while.doc,doc,2582,4.719537655727642,False,documentos,baixo,seguro
born.ppt,ppt,992,3.7712626641455747,False,apresentacoes,baixo,seguro
statement_update.xls,xls,5878,6.752864479091565,True,planilhas,alto,malicioso
account.pptx,pptx,264,6.356289820471232,False,apresentacoes,baixo,seguro
confidential.odp,odp,2340,6.230761185457693,True,apresentacoes,alto,malicioso
tax_urgent.doc,doc,9590,7.1136256291848365,False,documentos,medio,malicioso
password.pdf,pdf,3642,5.9278959958730235,False,documentos,baixo,seguro
truth.docx,docx,424,4.003967626187169,False,documentos,baixo,seguro
process_fire.svg,svg,3505,4.018421635492367,False,imagens,baixo,seguro
thought.xlsx,xlsx,1227,3.603948331194518,False,planilhas,baixo,seguro
purpose.csv,csv,3934,3.6829372067985284,False,planilhas,baixo,seguro
movement_politics.pptx,pptx,4317,4.247443265410238,False,apresentacoes,baixo,seguro
receipt.txt,txt,3939,5.133553418102155,False,documentos,baixo,seguro
tracking.png,png,2644,4.665143823707901,False,imagens,baixo,seguro
verify_shipping.pptm,pptm,8724,6.679122496075929,True,macros,alto,malicioso
update_payment.msi,msi,3644,7.093815006377993,False,executaveis,alto,malicioso
account.png,png,1452,4.209653398227383,False,imagens,baixo,seguro
decide.odp,odp,241,5.610358648759741,False,apresentacoes,baixo,seguro
password.gz,gz,8114,7.030036742889887,True,compactados,alto,malicioso
invoice.msi,msi,61,6.630294587790987,False,executaveis,alto,malicioso
claim.xlsx,xlsx,5351,6.113156329405565,True,planilhas,alto,malicioso
hour.pdf,pdf,6028,7.82506162552394,True,documentos,alto,malicioso
statement_account.xls,xls,7207,7.504500797499757,False,planilhas,medio,malicioso
delivery.ppt,ppt,2933,4.169711641941928,False,apresentacoes,baixo,seguro
sound.ods,ods,1053,4.0331248654908896,False,planilhas,baixo,seguro
tax.odt,odt,4658,3.597148228781262,False,documentos,baixo,seguro
confidential.ppt,ppt,2354,6.6292200097155,True,apresentacoes,alto,malicioso
urgent.docm,docm,5550,6.848596874785809,True,macros,alto,malicioso
color_notice.ppt,ppt,2112,5.861060018271981,False,apresentacoes,baixo,seguro
refund.txt,txt,6833,6.936855787600311,True,documentos,alto,malicioso
update_urgent.js,js,597,6.560326364920647,True,executaveis,alto,malicioso
start.pdf,pdf,1328,5.695955255813951,False,documentos,baixo,seguro
win.docx,docx,3964,5.613513939775374,False,documentos,baixo,seguro
nice.svg,svg,1296,3.6606672279817865,False,imagens,baixo,seguro
refund.ppt,ppt,4549,5.666114313727027,False,apresentacoes,baixo,seguro
confidential_delivery.csv,csv,8093,6.291820875581795,True,planilhas,alto,malicioso
shipping_invoice.pptm,pptm,3440,6.324581164215224,True,macros,alto,malicioso
why_a.ppt,ppt,3266,4.9128333588487685,False,apresentacoes,baixo,seguro
tax_tax.xls,xls,6102,6.35450758820007,True,planilhas,alto,malicioso
place.docm,docm,9294,6.117114802354188,True,macros,alto,malicioso
game.pdf,pdf,3401,6.4121166115207275,False,documentos,baixo,seguro
middle.zip,zip,8611,6.795400942375457,False,compactados,medio,malicioso
shipping.bmp,bmp,2458,3.7368651493222496,False,imagens,baixo,seguro
tracking.ppt,ppt,2465,6.228535562035323,False,apresentacoes,medio,malicioso
password.xlsx,xlsx,1043,3.628027701900338,False,planilhas,baixo,seguro
bank.tar,tar,4275,6.607524028647903,False,compactados,medio,malicioso
delivery_verify.txt,txt,8564,6.870498644132969,False,documentos,medio,malicioso
after_brother.jpg,jpg,4826,5.248031260632963,False,imagens,baixo,seguro
woman_him.pdf,pdf,2353,6.102425803295526,False,documentos,baixo,seguro
shipping.csv,csv,7800,6.071184773945656,True,planilhas,alto,malicioso
statement.tar,tar,857,7.416924657694359,False,compactados,medio,malicioso
unit.ppt,ppt,2557,4.341039959553925,False,apresentacoes,baixo,seguro
theory.svg,svg,1877,3.9031565629053215,False,imagens,baixo,seguro
surface.png,png,741,4.063807072677834,False,imagens,baixo,seguro
tracking.pptm,pptm,970,6.979012434958158,True,macros,alto,malicioso
food.xls,xls,1121,5.841549288882955,False,planilhas,baixo,seguro
education.doc,doc,482,4.248470783972838,False,documentos,baixo,seguro
password.jpg,jpg,2254,4.605055782724312,False,imagens,baixo,seguro
article.bmp,bmp,260,4.225814283768835,False,imagens,baixo,seguro
effect.bmp,bmp,3897,5.26064074526728,False,imagens,baixo,seguro
unit.pptx,pptx,750,4.355208129304286,False,apresentacoes,baixo,seguro
password.js,js,3738,7.2876209675728445,True,executaveis,alto,malicioso
our.bmp,bmp,82,4.922291619588035,False,imagens,baixo,seguro
your_bar.xlsx,xlsx,2077,5.325031648689931,False,planilhas,baixo,seguro
verify.odp,odp,3481,6.186448925207751,False,apresentacoes,baixo,seguro
bed.pptx,pptx,4275,5.972932464411991,False,apresentacoes,baixo,seguro
sign.bmp,bmp,3075,5.184371351763803,False,imagens,baixo,seguro
mention.pptx,pptx,2764,6.465082897465301,False,apresentacoes,baixo,seguro
team.pptx,pptx,2457,4.065080243720024,False,apresentacoes,baixo,seguro
authority.exe,exe,9880,6.767787009887454,True,executaveis,alto,malicioso
document_refund.vbs,vbs,6678,6.737722349910371,True,executaveis,alto,malicioso
update.csv,csv,4389,5.41494076963284,False,planilhas,baixo,seguro
soon.svg,svg,1402,6.0219160837892,False,imagens,baixo,seguro
no_space.csv,csv,2128,5.675559911318358,False,planilhas,baixo,seguro
car.vbs,vbs,1513,6.4222816718745115,True,executaveis,alto,malicioso
statement.pptx,pptx,3054,4.281677706217111,False,apresentacoes,baixo,seguro
shipping.pptx,pptx,449,6.0991801090776185,False,apresentacoes,baixo,seguro
password.zip,zip,6303,7.006693158796995,False,compactados,medio,malicioso
order_account.bat,bat,1374,6.926403606921404,False,executaveis,alto,malicioso
career_receive.csv,csv,2250,4.128147105005233,False,planilhas,baixo,seguro
may.xlsx,xlsx,731,3.8882178727048577,False,planilhas,baixo,seguro
your.svg,svg,3920,4.649949260160382,False,imagens,baixo,seguro
invoice.vbs,vbs,8750,6.362095748886769,False,executaveis,alto,malicioso
often.xlsx,xlsx,1066,3.8081246700186386,False,planilhas,baixo,seguro
company_evidence.ppt,ppt,2392,4.867778935905514,False,apresentacoes,baixo,seguro
bank.pptx,pptx,2817,6.488416744054492,False,apresentacoes,baixo,seguro
account.png,png,3314,3.557374199369958,False,imagens,baixo,seguro
news_turn.xlsx,xlsx,4143,4.006954225670441,False,planilhas,baixo,seguro
policy_land.odp,odp,2105,5.813748990030589,False,apresentacoes,baixo,seguro
invoice_confidential.ppt,ppt,6878,6.844197148997203,True,apresentacoes,alto,malicioso
invoice_confidential.rar,rar,8574,6.512956584120659,False,compactados,alto,malicioso
confidential.rtf,rtf,2325,3.8420376580527438,False,documentos,baixo,seguro
verify.ps1,ps1,3354,6.680051489446535,False,executaveis,alto,malicioso
development.tar,tar,7925,6.628146870773733,True,compactados,alto,malicioso
bank.rtf,rtf,8433,6.1425916058925605,False,documentos,medio,malicioso
woman.odp,odp,2435,4.292375068313122,False,apresentacoes,baixo,seguro
payment.pdf,pdf,2390,4.580643992161663,False,documentos,baixo,seguro
payment_bank.xls,xls,2843,6.624455569530294,False,planilhas,medio,malicioso
notice.odp,odp,1508,3.841495999711249,False,apresentacoes,baixo,seguro
someone.gif,gif,3927,5.89969729084685,False,imagens,baixo,seguro
show.xls,xls,1315,3.8111393172151082,False,planilhas,baixo,seguro
road_deep.bmp,bmp,3120,5.837492883770143,False,imagens,baixo,seguro
sell.odp,odp,2190,6.917851347094448,False,apresentacoes,medio,malicioso
statement_tracking.xls,xls,9497,7.37516973222437,True,planilhas,alto,malicioso
update.xls,xls,6355,6.282443459288499,False,planilhas,medio,malicioso
forget_inside.pdf,pdf,3854,6.055613454338198,False,documentos,baixo,seguro
statement.xls,xls,1983,4.492684527564311,False,planilhas,baixo,seguro
remain.ppt,ppt,3111,4.709830980385169,False,apresentacoes,baixo,seguro
rate.xlsm,xlsm,7391,6.167237737234827,True,macros,alto,malicioso
hour.gif,gif,155,3.8079299644404574,False,imagens,baixo,seguro
left_we.jpg,jpg,754,5.875349855516924,False,imagens,baixo,seguro
nation.odp,odp,3747,6.351065389980097,False,apresentacoes,baixo,seguro
order.ppt,ppt,2729,5.180452535318205,False,apresentacoes,baixo,seguro
confidential_update.csv,csv,85,6.648578517695993,False,planilhas,medio,malicioso
live.odp,odp,385,6.190631356034175,False,apresentacoes,baixo,seguro
refund.jpeg,jpeg,886,4.26286793375429,False,imagens,baixo,seguro
order.js,js,3172,7.361897037491752,True,executaveis,alto,malicioso
order.gz,gz,9705,7.8167616110889275,True,compactados,alto,malicioso
camera_end.jpg,jpg,3555,6.01644833203675,False,imagens,baixo,seguro
account.rar,rar,2153,6.1967525261347784,False,compactados,alto,malicioso
refund.odp,odp,4998,6.247730725091298,False,apresentacoes,baixo,seguro
down.csv,csv,2419,4.858537118244101,False,planilhas,baixo,seguro
tracking_delivery.pptm,pptm,5193,7.352561277150776,True,macros,alto,malicioso
attack.xlsx,xlsx,2838,6.263575293251284,False,planilhas,baixo,seguro
ground.xlsx,xlsx,2650,5.631058181421576,False,planilhas,baixo,seguro
against.odp,odp,3429,5.52273045661752,False,apresentacoes,baixo,seguro
per.pptx,pptx,6970,7.535779080720722,False,apresentacoes,medio,malicioso
once.txt,txt,1647,4.300934808332883,False,documentos,baixo,seguro
payment.csv,csv,4885,6.387601716308508,False,planilhas,medio,malicioso
delivery.docm,docm,9245,6.738884658004578,True,macros,alto,malicioso
drug.odp,odp,3184,4.749698712454035,False,apresentacoes,baixo,seguro
per.odp,odp,1673,5.361685086835547,False,apresentacoes,baixo,seguro
receipt.jpeg,jpeg,4830,5.139845410103724,False,imagens,baixo,seguro
discussion_account.xlsx,xlsx,620,4.0609297445969705,False,planilhas,baixo,seguro
avoid.xls,xls,4569,4.292718785928186,False,planilhas,baixo,seguro
second.csv,csv,1278,3.6198217679642894,False,planilhas,baixo,seguro
program.odp,odp,2477,4.97165282346103,False,apresentacoes,baixo,seguro
statement.docm,docm,3062,6.989151945930237,True,macros,alto,malicioso
artist.ods,ods,2872,4.163594243304359,False,planilhas,baixo,seguro
drop_author.csv,csv,4355,4.924571566208401,False,planilhas,baixo,seguro
receipt.zip,zip,4044,7.821903950540474,False,compactados,alto,malicioso
western.txt,txt,212,6.234007779885854,False,documentos,baixo,seguro
order.odp,odp,3997,3.6315549827315055,False,apresentacoes,baixo,seguro
almost.csv,csv,1381,6.414886309719298,False,planilhas,baixo,seguro
trade.odt,odt,1756,6.0948525671378935,False,documentos,baixo,seguro
refund.msi,msi,1231,7.419092568781098,True,executaveis,alto,malicioso
payment_verify.docm,docm,9193,6.133839975241038,True,macros,alto,malicioso
tax.ods,ods,326,6.740053547764328,True,planilhas,alto,malicioso
payment.gz,gz,1239,6.679630263621291,False,compactados,medio,malicioso
document.7z,7z,7220,6.724685791512692,False,compactados,medio,malicioso
give_avoid.txt,txt,3213,5.890311311129136,False,documentos,baixo,seguro
my.odp,odp,3066,6.3721749473243605,False,apresentacoes,baixo,seguro
invoice.rar,rar,6506,7.0205888922534765,False,compactados,alto,malicioso
economy.ppt,ppt,4208,3.9273653513406446,False,apresentacoes,baixo,seguro
account.7z,7z,9344,7.619277142758204,False,compactados,medio,malicioso
family_relationship.svg,svg,561,4.252062844444865,False,imagens,baixo,seguro
receipt.ods,ods,1060,5.513886697340153,False,planilhas,baixo,seguro
password_order.pptm,pptm,5429,7.171050617492961,True,macros,alto,malicioso
receipt.rar,rar,7067,6.320415070721363,True,compactados,alto,malicioso
mention.ods,ods,2726,6.133657488523885,False,planilhas,baixo,seguro
confidential_urgent.xlsm,xlsm,4647,7.631555945204519,True,macros,alto,malicioso
difficult.xlsx,xlsx,636,5.682276101605593,False,planilhas,baixo,seguro
notice.rtf,rtf,4752,4.715403402653342,False,documentos,baixo,seguro
cause.xls,xls,4431,4.916311852348778,False,planilhas,baixo,seguro
several.csv,csv,4840,5.699680481638703,False,planilhas,baixo,seguro
worry.ppt,ppt,3260,4.5915966742225125,False,apresentacoes,baixo,seguro
us.odt,odt,1368,5.771618213820532,False,documentos,baixo,seguro
own.ods,ods,4645,5.478239920858931,False,planilhas,baixo,seguro
payment.ods,ods,1802,5.784417133502114,False,planilhas,baixo,seguro
part_material.xls,xls,1703,5.053655689382391,False,planilhas,baixo,seguro
eight.ods,ods,810,6.075818927311306,False,planilhas,medio,malicioso
still.7z,7z,4364,7.099399726348111,False,compactados,medio,malicioso
urgent.xlsm,xlsm,6215,7.848080805866127,True,macros,alto,malicioso
material.ods,ods,3998,5.8779723603004985,False,planilhas,baixo,seguro
order.rtf,rtf,1366,4.189972298080211,False,documentos,baixo,seguro
surface_investment.ppt,ppt,4941,5.6519081253622865,False,apresentacoes,baixo,seguro
customer.cmd,cmd,1906,6.914881633840023,False,executaveis,alto,malicioso
between.xlsx,xlsx,2006,3.629432994005496,False,planilhas,baixo,seguro
bill_reason.xlsx,xlsx,4698,3.940595300255239,False,planilhas,baixo,seguro
tracking.csv,csv,3331,5.298072568384789,False,planilhas,baixo,seguro
document.vbs,vbs,3598,6.853486387076968,False,executaveis,alto,malicioso
lawyer.jpeg,jpeg,1179,5.883848210781354,False,imagens,baixo,seguro
health.csv,csv,3724,5.2896000874920786,False,planilhas,baixo,seguro
land_item.doc,doc,145,4.107045647264526,False,documentos,baixo,seguro
manage_treat.jpeg,jpeg,4923,3.6171096908543845,False,imagens,baixo,seguro
shoulder_arm.pdf,pdf,4953,5.117857958991567,False,documentos,baixo,seguro
report.odt,odt,3044,6.124472902196011,False,documentos,baixo,seguro
shipping.jpeg,jpeg,3133,4.5515534413393155,False,imagens,baixo,seguro
ready.txt,txt,1914,6.230256070026455,False,documentos,baixo,seguro
race.docx,docx,2121,4.067063041153612,False,documentos,baixo,seguro
tracking_password.rtf,rtf,5225,6.7768056466304705,True,documentos,alto,malicioso
delivery.7z,7z,6040,7.162573286321498,False,compactados,medio,malicioso
delivery.cmd,cmd,6115,7.062278276341644,False,executaveis,alto,malicioso
billion.odp,odp,1141,6.064996768470791,False,apresentacoes,baixo,seguro
ask.odt,odt,1335,3.8008358526481274,False,documentos,baixo,seguro
payment.png,png,1326,4.667311041755309,False,imagens,baixo,seguro
refund_verify.doc,doc,3683,6.704586739481058,False,documentos,medio,malicioso
interesting.gif,gif,4904,3.6723891037490035,False,imagens,baixo,seguro
should_group.ods,ods,4254,4.358019535126086,False,planilhas,baixo,seguro
update.gz,gz,640,6.6835059967233805,False,compactados,medio,malicioso
receipt.docx,docx,6692,7.113552313898428,False,documentos,medio,malicioso
delivery.pdf,pdf,5753,6.660202668832589,False,documentos,medio,malicioso
such.cmd,cmd,9469,6.00883775797564,True,executaveis,alto,malicioso
statement.zip,zip,8459,7.817747764212023,False,compactados,medio,malicioso
training.odp,odp,3971,5.809901578201501,False,apresentacoes,baixo,seguro
boy.ods,ods,498,6.915743307925089,True,planilhas,alto,malicioso
statement.vbs,vbs,5835,6.981358012689193,True,executaveis,alto,malicioso
energy.ppt,ppt,2811,3.7280864616010674,False,apresentacoes,baixo,seguro
verify_password.csv,csv,8225,7.4005132710886485,True,planilhas,alto,malicioso
update.docm,docm,5883,6.296391580104702,True,macros,alto,malicioso
shipping.pdf,pdf,64,5.792732637906581,False,documentos,baixo,seguro
dark.txt,txt,4716,6.10630650687366,False,documentos,baixo,seguro
tracking.jpeg,jpeg,2305,4.693638493614483,False,imagens,baixo,seguro
customer.xls,xls,4439,3.597687941099894,False,planilhas,baixo,seguro
account.pptx,pptx,3755,6.429521585711125,False,apresentacoes,baixo,seguro
not_list.png,png,1736,4.638284010760669,False,imagens,baixo,seguro
challenge.docx,docx,1543,5.145690201137565,False,documentos,baixo,seguro
knowledge.csv,csv,3007,4.051741022589132,False,planilhas,baixo,seguro
receipt.pptm,pptm,4631,6.856385083807927,True,macros,alto,malicioso
cover.rar,rar,4472,7.52776640391372,False,compactados,medio,malicioso
invoice_shipping.rar,rar,2253,7.891567363569243,False,compactados,alto,malicioso
family.pptx,pptx,4661,3.6431279122472233,False,apresentacoes,baixo,seguro
maintain_enjoy.odt,odt,2093,4.929618273056411,False,documentos,baixo,seguro
receipt.csv,csv,4272,6.6538665252751645,False,planilhas,medio,malicioso
password.odp,odp,4735,5.227683372420046,False,apresentacoes,baixo,seguro
two.csv,csv,4003,5.824233101379711,False,planilhas,baixo,seguro
wind_bag.jpg,jpg,1196,6.104772951474239,False,imagens,baixo,seguro
tax.ods,ods,1218,6.150312662182741,True,planilhas,alto,malicioso
level.pptx,pptx,4969,5.433932879465565,False,apresentacoes,baixo,seguro
receipt.pptx,pptx,4818,5.062807074908749,False,apresentacoes,baixo,seguro
system.msi,msi,2098,7.382767591221569,False,executaveis,alto,malicioso
account_confidential.odp,odp,1095,7.7799079572373095,False,apresentacoes,medio,malicioso
tracking.pdf,pdf,691,3.8117852120649576,False,documentos,baixo,seguro
training.odt,odt,6437,6.587804241744998,True,documentos,alto,malicioso
account_receipt.rar,rar,5378,7.642058169131682,False,compactados,medio,malicioso
delivery_order.pptx,pptx,9290,6.826457005698782,False,apresentacoes,medio,malicioso
total_oil.pptx,pptx,743,4.825580916729603,False,apresentacoes,baixo,seguro
billion.pptx,pptx,10,5.069948721275772,False,apresentacoes,baixo,seguro
apply.csv,csv,4039,6.340872535604373,False,planilhas,baixo,seguro
reach.png,png,2409,5.2910112566772565,False,imagens,baixo,seguro
now.rtf,rtf,4602,4.811319099249364,False,documentos,baixo,seguro
tax.xlsx,xlsx,3109,4.16177727869854,False,planilhas,baixo,seguro
verify_delivery.rar,rar,4454,6.78451736537517,False,compactados,alto,malicioso
verify.tar,tar,8110,6.356799940833621,True,compactados,alto,malicioso
think.rtf,rtf,2321,4.307585398667436,False,documentos,baixo,seguro
administration_better.svg,svg,130,4.980738659587236,False,imagens,baixo,seguro
with.xlsm,xlsm,7647,7.324176125256024,True,macros,alto,malicioso
some.docx,docx,1206,3.6681150332056784,False,documentos,baixo,seguro
time_economic.jpg,jpg,2058,5.951752171998711,False,imagens,baixo,seguro
update.pdf,pdf,3162,5.813675999082004,False,documentos,baixo,seguro
confidential.zip,zip,3465,6.898368535483879,False,compactados,alto,malicioso
compare_investment.ppt,ppt,4512,5.062778758752529,False,apresentacoes,baixo,seguro
payment.7z,7z,3618,7.849220714826615,True,compactados,alto,malicioso
mention.png,png,4799,3.858948776032216,False,imagens,baixo,seguro
shipping.xls,xls,4894,3.9649758272930677,False,planilhas,baixo,seguro
statement.doc,doc,1033,6.1135727500579025,False,documentos,medio,malicioso
statement.doc,doc,5740,7.5304982155145135,False,documentos,medio,malicioso
medical.xls,xls,1113,4.2520887233018065,False,planilhas,baixo,seguro
delivery.txt,txt,2424,5.128202230417083,False,documentos,baixo,seguro
statement.rar,rar,4560,7.648557495918603,False,compactados,medio,malicioso
verify.rar,rar,7489,6.001367674576074,False,compactados,alto,malicioso
different.xls,xls,1966,4.462082282923242,False,planilhas,baixo,seguro
shipping.tar,tar,2575,7.164774560466001,True,compactados,alto,malicioso
urgent_bank.pdf,pdf,2976,7.659636277403088,True,documentos,alto,malicioso
treatment.jpeg,jpeg,3193,5.4737637748549055,False,imagens,baixo,seguro
receipt_urgent.gz,gz,264,7.7674009699371975,True,compactados,alto,malicioso
institution.jpg,jpg,2966,5.174059668410065,False,imagens,baixo,seguro
payment.png,png,2187,5.087062493875321,False,imagens,baixo,seguro
weight_artist.docx,docx,4265,3.7913577504729874,False,documentos,baixo,seguro
community.ods,ods,2047,5.210083006888443,False,planilhas,baixo,seguro
confidential.odp,odp,9496,6.680130395155667,False,apresentacoes,medio,malicioso
hundred_able.jpg,jpg,3299,5.014078341517886,False,imagens,baixo,seguro
statement.ods,ods,4516,6.474388971854381,False,planilhas,baixo,seguro
refund.xlsm,xlsm,5349,7.1559854034883745,True,macros,alto,malicioso
verify.ods,ods,2959,6.384955326894003,False,planilhas,baixo,seguro
in_evidence.gif,gif,2340,5.287288479871357,False,imagens,baixo,seguro
with.csv,csv,1769,6.067161276524619,False,planilhas,baixo,seguro
step.7z,7z,8426,7.05701386246286,False,compactados,medio,malicioso
bank_update.cmd,cmd,3867,6.486863293059476,True,executaveis,alto,malicioso
urgent.bmp,bmp,2669,5.87871258294284,False,imagens,baixo,seguro
still.gz,gz,1612,7.130939284863202,True,compactados,alto,malicioso
statement.jpg,jpg,2860,6.139377507950552,False,imagens,baixo,seguro
confidential.gif,gif,1867,5.743035971807968,False,imagens,baixo,seguro
tax_tracking.odt,odt,724,6.60670142640074,False,documentos,medio,malicioso
look_feeling.odp,odp,3228,6.413120734221106,False,apresentacoes,baixo,seguro
land.doc,doc,1222,3.896567136112634,False,documentos,baixo,seguro
verify_tracking.zip,zip,7168,7.470267759456888,True,compactados,alto,malicioso
password.rar,rar,8639,6.467867096963515,True,compactados,alto,malicioso
same.png,png,931,5.515242660349206,False,imagens,baixo,seguro
side.png,png,4875,5.466229573433253,False,imagens,baixo,seguro
order.docx,docx,7266,6.0852673467696095,False,documentos,medio,malicioso
step.csv,csv,712,3.8371152223553127,False,planilhas,baixo,seguro
only.rar,rar,4763,6.02609325611752,False,compactados,alto,malicioso
recently_serious.gif,gif,4417,4.135625940646261,False,imagens,baixo,seguro
message.odp,odp,1167,5.585213430943084,False,apresentacoes,baixo,seguro
clear.txt,txt,366,4.2663690336865105,False,documentos,baixo,seguro
customer.docx,docx,2232,3.659255745968837,False,documentos,baixo,seguro
verify.pdf,pdf,5951,7.642136319763912,True,documentos,alto,malicioso
tax.pptx,pptx,1681,7.717356914277124,False,apresentacoes,medio,malicioso
order.msi,msi,402,6.075529566184022,False,executaveis,alto,malicioso
fine.pptx,pptx,160,4.5403397087226365,False,apresentacoes,baixo,seguro
director_article.pptx,pptx,4116,4.3276348369991675,False,apresentacoes,baixo,seguro
particularly.odt,odt,251,6.332410094624892,False,documentos,baixo,seguro
tax.doc,doc,1488,7.386790361450565,False,documentos,medio,malicioso
update.odp,odp,7037,7.844020628880912,False,apresentacoes,medio,malicioso
bank.rar,rar,3364,7.63891655700213,True,compactados,alto,malicioso
bank.ods,ods,4637,6.251336362020252,False,planilhas,baixo,seguro
simply.ppt,ppt,979,4.052405647581762,False,apresentacoes,baixo,seguro
statement.odt,odt,6833,7.82627275572254,True,documentos,alto,malicioso
password_account.odp,odp,479,7.4486502190926345,False,apresentacoes,medio,malicioso
occur_ask.odp,odp,1912,4.192737132773799,False,apresentacoes,baixo,seguro
small.docx,docx,1108,5.006973762351384,False,documentos,baixo,seguro
tax.odp,odp,2303,6.311194113397551,True,apresentacoes,alto,malicioso
refund.jpg,jpg,1833,5.7270999849886985,False,imagens,baixo,seguro
former.xlsx,xlsx,3608,6.10138700791581,False,planilhas,baixo,seguro
art.xlsm,xlsm,7055,6.769246859660804,True,macros,alto,malicioso
tax.rtf,rtf,2573,4.682452126104494,False,documentos,baixo,seguro
apply.rtf,rtf,357,6.133339814748682,False,documentos,baixo,seguro
pattern.tar,tar,693,7.059631804645479,False,compactados,medio,malicioso
me.doc,doc,2504,5.821031037590377,False,documentos,baixo,seguro
morning_wide.pptx,pptx,456,5.569858875504948,False,apresentacoes,baixo,seguro
order.ods,ods,750,5.6679403744784995,False,planilhas,baixo,seguro
refund_invoice.gz,gz,2980,6.86199339793324,False,compactados,medio,malicioso
tonight.ods,ods,1353,5.655124159155689,False,planilhas,baixo,seguro
nice.pdf,pdf,2983,3.755919632102936,False,documentos,baixo,seguro
account_tax.odp,odp,769,7.4596946151903385,False,apresentacoes,medio,malicioso
account.xlsx,xlsx,430,4.758745073707302,False,planilhas,baixo,seguro
order.odp,odp,2375,5.379358548984587,False,apresentacoes,baixo,seguro
verify_shipping.msi,msi,8219,7.032652203248171,True,executaveis,alto,malicioso
coach.jpeg,jpeg,3727,4.73045409713407,False,imagens,baixo,seguro
delivery_delivery.zip,zip,3451,6.092945719891756,True,compactados,alto,malicioso
art.doc,doc,9521,7.592227428005952,True,documentos,alto,malicioso
movie.pdf,pdf,1331,5.516271485784214,False,documentos,baixo,seguro
receipt.ods,ods,303,3.7793788634653085,False,planilhas,baixo,seguro
be.xlsm,xlsm,7051,7.602288297160678,True,macros,alto,malicioso
verify_refund.docm,docm,8645,6.398706201628417,True,macros,alto,malicioso
today.xls,xls,4343,6.4615677912757485,False,planilhas,baixo,seguro
cultural.svg,svg,2362,4.781160815257831,False,imagens,baixo,seguro
authority.csv,csv,9268,6.943154158349641,False,planilhas,medio,malicioso
update.gif,gif,2389,6.437772978698211,False,imagens,baixo,seguro
physical.pdf,pdf,976,5.712405126871238,False,documentos,baixo,seguro
statement_password.tar,tar,235,7.2171747906674115,False,compactados,medio,malicioso
author.ppt,ppt,2663,5.801097802954866,False,apresentacoes,baixo,seguro
invoice.xlsm,xlsm,3228,6.6279781809767195,True,macros,alto,malicioso
Republican.odp,odp,301,5.436956661993724,False,apresentacoes,baixo,seguro
training.jpeg,jpeg,4408,6.187785804311401,False,imagens,baixo,seguro
payment.gif,gif,4278,4.398031239918082,False,imagens,baixo,seguro
easy_international.odp,odp,2727,5.8986060004574,False,apresentacoes,baixo,seguro
call.xls,xls,4645,7.59740439175985,True,planilhas,alto,malicioso
tax_confidential.rar,rar,5100,7.340005749686487,True,compactados,alto,malicioso
year.docx,docx,1956,4.614750730661444,False,documentos,baixo,seguro
account_payment.xlsx,xlsx,3361,7.7353723077174115,False,planilhas,medio,malicioso
bank.txt,txt,1568,4.520347712717282,False,documentos,baixo,seguro
bank.7z,7z,1659,7.562063184129593,False,compactados,medio,malicioso
order_tracking.doc,doc,1947,6.007808751544837,False,documentos,medio,malicioso
payment_document.ppt,ppt,418,7.097363685377973,True,apresentacoes,alto,malicioso
verify.xlsx,xlsx,7277,7.27513567971838,True,planilhas,alto,malicioso
voice.csv,csv,4594,5.042181985878392,False,planilhas,baixo,seguro
over_employee.csv,csv,2330,5.222248827922904,False,planilhas,baixo,seguro
particular.xls,xls,4438,4.830942915023703,False,planilhas,baixo,seguro
phone.xls,xls,877,4.650798918019232,False,planilhas,baixo,seguro
among.txt,txt,4865,5.388412069592798,False,documentos,baixo,seguro
president.bmp,bmp,1633,5.638696054184494,False,imagens,baixo,seguro
beat.ppt,ppt,7679,7.078799674290501,True,apresentacoes,alto,malicioso
document.pptx,pptx,7675,6.8940371620671375,False,apresentacoes,medio,malicioso
kind.7z,7z,6473,6.348370836148171,False,compactados,medio,malicioso
really_past.pptx,pptx,3903,3.8386611719006485,False,apresentacoes,baixo,seguro
document.gif,gif,2865,5.313320694297811,False,imagens,baixo,seguro
other.xls,xls,886,4.477609184894335,False,planilhas,baixo,seguro
refund_update.ods,ods,9027,6.302138550209956,False,planilhas,medio,malicioso
necessary.docx,docx,3541,5.852941929851589,False,documentos,baixo,seguro
delivery.bmp,bmp,1944,4.019256368188834,False,imagens,baixo,seguro
shipping_order.odp,odp,5380,7.054666632306147,False,apresentacoes,medio,malicioso
tax_payment.docm,docm,1533,6.413462369534104,True,macros,alto,malicioso
bank.xls,xls,3720,5.093767463225944,False,planilhas,baixo,seguro
four_worry.bmp,bmp,2603,4.39920600288234,False,imagens,baixo,seguro
receipt.pptx,pptx,741,5.24818093347816,False,apresentacoes,baixo,seguro
every.pptx,pptx,4869,6.118580061208632,False,apresentacoes,medio,malicioso
receipt.pdf,pdf,908,6.083743518938331,False,documentos,baixo,seguro
democratic.doc,doc,2616,5.635320955130226,False,documentos,baixo,seguro
relationship_sense.gif,gif,1430,4.924614238867212,False,imagens,baixo,seguro
receipt.ods,ods,3427,3.962801872681175,False,planilhas,baixo,seguro
former.xlsx,xlsx,1189,5.664017697085932,False,planilhas,baixo,seguro
refund.docm,docm,9952,7.767590923673197,True,macros,alto,malicioso
edge.ods,ods,3696,4.654144153490079,False,planilhas,baixo,seguro
shipping.pptm,pptm,3928,7.353046998033559,True,macros,alto,malicioso
payment.gz,gz,6088,6.215012302268376,False,compactados,medio,malicioso
tracking.doc,doc,2299,4.894808981946474,False,documentos,baixo,seguro
urgent.rtf,rtf,2018,4.917354717045937,False,documentos,baixo,seguro
evidence.odt,odt,2569,5.339117341923139,False,documentos,baixo,seguro
tracking.ppt,ppt,9453,7.394247640146886,False,apresentacoes,medio,malicioso
individual.pptx,pptx,4905,5.748275838138256,False,apresentacoes,baixo,seguro
shipping.pptx,pptx,9435,6.098077781103609,False,apresentacoes,medio,malicioso
catch_remain.docx,docx,639,6.054335768157903,False,documentos,baixo,seguro
verify_confidential.ps1,ps1,9943,6.331766310552134,False,executaveis,alto,malicioso
quite_first.ods,ods,1944,4.954755541253295,False,planilhas,baixo,seguro
lot.docx,docx,2426,7.131533774543476,False,documentos,medio,malicioso
order.ods,ods,2790,6.400627820176922,False,planilhas,medio,malicioso
four.ppt,ppt,960,3.657569590976843,False,apresentacoes,baixo,seguro
woman.gif,gif,4372,4.200983935143071,False,imagens,baixo,seguro
tracking.ods,ods,244,6.54870522217246,False,planilhas,medio,malicioso
payment_delivery.pptm,pptm,5847,7.8167489461902875,True,macros,alto,malicioso
verify.bmp,bmp,2754,4.310978351542826,False,imagens,baixo,seguro
society.docx,docx,1990,5.702940367278975,False,documentos,baixo,seguro
account_invoice.ps1,ps1,188,7.580210049667274,True,executaveis,alto,malicioso
would.rtf,rtf,1807,5.675751968099855,False,documentos,baixo,seguro
baby.ppt,ppt,475,6.315516403186439,False,apresentacoes,baixo,seguro
confidential_bank.rtf,rtf,6209,7.247149794931186,False,documentos,medio,malicioso
act_low.xls,xls,3835,5.481433539156215,False,planilhas,baixo,seguro
pretty.odt,odt,3507,5.5766644754273775,False,documentos,baixo,seguro
order_black.pptx,pptx,521,4.648397007329548,False,apresentacoes,baixo,seguro
back.ppt,ppt,1467,4.821724498333003,False,apresentacoes,baixo,seguro
note_different.jpeg,jpeg,4040,3.8252914058537613,False,imagens,baixo,seguro
move_evidence.jpeg,jpeg,3627,5.64620095325253,False,imagens,baixo,seguro
verify.exe,exe,357,7.703373546493297,True,executaveis,alto,malicioso
bank.odt,odt,6461,7.091816478275039,False,documentos,medio,malicioso
urgent.ods,ods,104,6.730405360556357,False,planilhas,medio,malicioso
receipt_document.rtf,rtf,6613,6.10486987904696,False,documentos,medio,malicioso
cause.docx,docx,669,6.023544761381433,False,documentos,baixo,seguro
payment.xlsx,xlsx,3179,6.56785365583134,True,planilhas,alto,malicioso
worker.odt,odt,3597,5.70597254908378,False,documentos,baixo,seguro
update.exe,exe,1082,7.506204426490135,False,executaveis,alto,malicioso
payment_payment.docm,docm,6693,6.224555506573532,True,macros,alto,malicioso
delivery_update.odp,odp,1230,6.070067568103771,True,apresentacoes,alto,malicioso
bank_payment.xls,xls,5085,7.559404523730461,True,planilhas,alto,malicioso
confidential.xls,xls,945,4.99143048960665,False,planilhas,baixo,seguro
happy.pdf,pdf,7033,6.640951909436955,False,documentos,medio,malicioso
upon.png,png,4481,3.9119882059452653,False,imagens,baixo,seguro
statement_verify.pdf,pdf,2364,7.439345163768479,True,documentos,alto,malicioso
authority_until.odp,odp,4777,3.622096683085804,False,apresentacoes,baixo,seguro
election.odt,odt,138,6.138880822516251,False,documentos,baixo,seguro
hope.pdf,pdf,4873,6.160745425903757,False,documentos,baixo,seguro
bank.pptm,pptm,8620,6.855796348920908,True,macros,alto,malicioso
feel_coach.xlsx,xlsx,1484,5.6515962667738115,False,planilhas,baixo,seguro
document.odt,odt,2859,4.756357610327826,False,documentos,baixo,seguro
left.xlsx,xlsx,793,5.356762819630681,False,planilhas,baixo,seguro
password.ods,ods,2274,3.6592070578124893,False,planilhas,baixo,seguro
these.doc,doc,3896,4.992544513411607,False,documentos,baixo,seguro
document_verify.exe,exe,5527,7.17195676587367,False,executaveis,alto,malicioso
of_score.jpg,jpg,4412,4.027662824646658,False,imagens,baixo,seguro
update.xls,xls,9760,7.101547373975421,False,planilhas,medio,malicioso
statement_update.xlsx,xlsx,6809,7.652783975600571,True,planilhas,alto,malicioso
five.xls,xls,3580,3.9348238158858972,False,planilhas,baixo,seguro
population_surface.jpeg,jpeg,1600,5.396063350705583,False,imagens,baixo,seguro
ready_newspaper.ppt,ppt,4668,3.678955158902798,False,apresentacoes,baixo,seguro
order.xls,xls,3436,4.013603950150451,False,planilhas,baixo,seguro
account.ppt,ppt,1402,5.23436433755165,False,apresentacoes,baixo,seguro
tracking.exe,exe,3596,7.124003655460694,False,executaveis,alto,malicioso
update.ppt,ppt,2040,4.481887841990189,False,apresentacoes,baixo,seguro
invoice.xlsx,xlsx,3432,6.440552123879437,False,planilhas,baixo,seguro
tracking.txt,txt,285,4.77709293062512,False,documentos,baixo,seguro
update_invoice.zip,zip,6712,7.8048744016454545,True,compactados,alto,malicioso
across_region.ppt,ppt,3940,5.507106825072391,False,apresentacoes,baixo,seguro
invoice.ods,ods,3736,4.891281927492507,False,planilhas,baixo,seguro
technology.ods,ods,3813,5.611706189067713,False,planilhas,baixo,seguro
once.odt,odt,2737,5.092760980860461,False,documentos,baixo,seguro
firm.pptm,pptm,8937,7.092935798388046,True,macros,alto,malicioso
work.xls,xls,459,5.044209441810597,False,planilhas,baixo,seguro
receipt.xls,xls,719,6.694585173548927,True,planilhas,alto,malicioso
password_statement.ps1,ps1,3959,7.025304269908068,False,executaveis,alto,malicioso
update_verify.odp,odp,8300,7.292430803951363,True,apresentacoes,alto,malicioso
tracking.xlsm,xlsm,7753,7.348668048609931,True,macros,alto,malicioso
receipt.pptx,pptx,1125,6.357871806581438,False,apresentacoes,medio,malicioso
record_body.pdf,pdf,640,3.828094761776169,False,documentos,baixo,seguro
password.rar,rar,421,6.557021939690557,False,compactados,alto,malicioso
wrong.ods,ods,185,4.374550391489133,False,planilhas,baixo,seguro
update.pdf,pdf,4266,5.43401609366858,False,documentos,baixo,seguro
unit.bmp,bmp,2683,4.958445174843607,False,imagens,baixo,seguro
document.odp,odp,5071,6.326300538328354,True,apresentacoes,alto,malicioso
payment.png,png,1225,4.5593626860763585,False,imagens,baixo,seguro
center.ps1,ps1,8820,6.54196850617478,False,executaveis,alto,malicioso
account_payment.odp,odp,5237,7.091597824843971,False,apresentacoes,medio,malicioso
statement.ps1,ps1,2473,6.708538378417606,False,executaveis,alto,malicioso
everything_business.csv,csv,4101,5.8055544975113245,False,planilhas,baixo,seguro
delivery.xlsx,xlsx,5477,7.229763508888763,True,planilhas,alto,malicioso
voice.odp,odp,3631,4.516053289677508,False,apresentacoes,baixo,seguro
both_situation.odt,odt,4523,3.8506282934862863,False,documentos,baixo,seguro
urgent_password.rar,rar,9608,7.000224299893329,False,compactados,medio,malicioso
on.ps1,ps1,1481,7.854095063152882,True,executaveis,alto,malicioso
payment.gz,gz,5965,6.7553601948998665,False,compactados,medio,malicioso
receipt_order.xlsm,xlsm,9241,6.166437398715472,True,macros,alto,malicioso
clearly.ods,ods,4778,6.311201653113799,False,planilhas,medio,malicioso
urgent_document.pptx,pptx,7826,7.877926613005243,False,apresentacoes,medio,malicioso
refund.tar,tar,4528,6.787576626481837,False,compactados,medio,malicioso
tax_shipping.doc,doc,741,7.563318516834615,True,documentos,alto,malicioso
update_invoice.pptm,pptm,2573,6.4990863447660345,True,macros,alto,malicioso
expert.jpg,jpg,3427,4.038116920558061,False,imagens,baixo,seguro
verify.ppt,ppt,1143,7.137893514458646,True,apresentacoes,alto,malicioso
shipping.xlsm,xlsm,2009,6.709084210349613,True,macros,alto,malicioso
father_point.docx,docx,2628,4.883131903670369,False,documentos,baixo,seguro
develop_series.csv,csv,3446,5.408741405131771,False,planilhas,baixo,seguro
gun.ppt,ppt,639,5.041599479179416,False,apresentacoes,baixo,seguro
Democrat_right.xls,xls,2652,6.117329403375322,False,planilhas,baixo,seguro
protect.pptx,pptx,795,5.10326096966967,False,apresentacoes,baixo,seguro
document_shipping.exe,exe,6800,6.64659487344119,False,executaveis,alto,malicioso
tonight_everything.doc,doc,1553,5.885320214116351,False,documentos,baixo,seguro
mouth_middle.txt,txt,1085,6.270229258031682,False,documentos,baixo,seguro
enter.png,png,3630,6.169179156145045,False,imagens,baixo,seguro
invoice.docm,docm,1993,6.422479910735469,True,macros,alto,malicioso
bank_urgent.odt,odt,7010,7.312554459644445,False,documentos,medio,malicioso
confidential_tracking.xlsm,xlsm,9768,6.112603950435344,True,macros,alto,malicioso
invoice.docm,docm,2078,7.748186334545946,True,macros,alto,malicioso
invoice_verify.msi,msi,9548,6.660889429369466,True,executaveis,alto,malicioso
urgent_invoice.gz,gz,8714,6.412296344042138,True,compactados,alto,malicioso
delivery.ppt,ppt,45,6.420739711642623,False,apresentacoes,baixo,seguro
shipping.doc,doc,3012,5.5943987203250956,False,documentos,baixo,seguro
western_whatever.ods,ods,2916,6.443903372726181,False,planilhas,baixo,seguro
statement_confidential.rar,rar,8565,6.258233502820509,False,compactados,medio,malicioso
throughout_approach.pdf,pdf,2333,4.870837299534443,False,documentos,baixo,seguro
order.odp,odp,1860,5.161747673316647,False,apresentacoes,baixo,seguro
best_protect.pptx,pptx,3906,6.317246005217681,False,apresentacoes,baixo,seguro
land.ppt,ppt,871,4.689109275595658,False,apresentacoes,baixo,seguro
tax.zip,zip,9725,7.857384624282063,False,compactados,medio,malicioso
tax_refund.docm,docm,8227,6.529184831329825,True,macros,alto,malicioso
receipt.odp,odp,3907,5.500031030248823,False,apresentacoes,baixo,seguro
themselves_factor.gif,gif,3734,3.824110004056768,False,imagens,baixo,seguro
another.pptx,pptx,1112,3.589170555016474,False,apresentacoes,baixo,seguro
about_goal.pdf,pdf,1477,4.647898948295055,False,documentos,baixo,seguro
confidential.docx,docx,8568,7.458387006336125,False,documentos,medio,malicioso
spend.csv,csv,2153,5.127314344278327,False,planilhas,baixo,seguro
confidential.pdf,pdf,3152,4.850346557376366,False,documentos,baixo,seguro
account.ods,ods,5015,7.680930435221736,True,planilhas,alto,malicioso
confidential.pptm,pptm,8087,7.2541493196203515,True,macros,alto,malicioso
case_public.gif,gif,466,4.674154458866812,False,imagens,baixo,seguro
document_invoice.pptm,pptm,9724,6.085725058939876,True,macros,alto,malicioso
invoice.pptx,pptx,2805,4.641720133215562,False,apresentacoes,baixo,seguro
refund.png,png,2887,3.6693477405884862,False,imagens,baixo,seguro
everybody.xlsx,xlsx,705,6.2311670561430885,False,planilhas,baixo,seguro
invoice.docm,docm,662,6.875727834178201,True,macros,alto,malicioso
color.bmp,bmp,177,5.5878754288636125,False,imagens,baixo,seguro
site.docx,docx,4700,3.793177019245771,False,documentos,baixo,seguro
tracking.rar,rar,5613,6.316591714085437,True,compactados,alto,malicioso
letter.jpeg,jpeg,627,6.021141466133318,False,imagens,baixo,seguro
ok_season.csv,csv,4708,4.70608205656565,False,planilhas,baixo,seguro
confidential.zip,zip,4528,6.1278125753716655,False,compactados,alto,malicioso
document.csv,csv,4144,5.9123801358023815,False,planilhas,baixo,seguro
late_option.svg,svg,3305,4.253794378600207,False,imagens,baixo,seguro
account.svg,svg,162,5.383531809672675,False,imagens,baixo,seguro
act.ods,ods,3838,4.303807860698467,False,planilhas,baixo,seguro
payment.bmp,bmp,4288,4.101944082176864,False,imagens,baixo,seguro
brother.jpeg,jpeg,2469,6.032365987495827,False,imagens,baixo,seguro
refund_document.vbs,vbs,2681,6.487248606272223,False,executaveis,alto,malicioso
update.msi,msi,5137,6.881903431730169,False,executaveis,alto,malicioso
verify_verify.zip,zip,4601,7.251474354016346,True,compactados,alto,malicioso
bag_you.odt,odt,697,4.441714322602743,False,documentos,baixo,seguro
refund.ppt,ppt,2987,5.515016220303563,False,apresentacoes,baixo,seguro
tracking.xlsx,xlsx,8601,7.262012557499595,False,planilhas,medio,malicioso
urgent_confidential.pptx,pptx,5184,6.625643230836354,False,apresentacoes,medio,malicioso
use.rar,rar,3621,6.274128026537199,True,compactados,alto,malicioso
rock.pptx,pptx,468,4.971075740459635,False,apresentacoes,baixo,seguro
shipping.bat,bat,4600,7.6709237276771605,False,executaveis,alto,malicioso
document.pptx,pptx,182,5.436192765089984,False,apresentacoes,baixo,seguro
well.odt,odt,1973,4.258948688642559,False,documentos,baixo,seguro
church.7z,7z,2049,7.016330316269476,True,compactados,alto,malicioso
offer.cmd,cmd,4236,6.571687488045361,False,executaveis,alto,malicioso
also.csv,csv,3605,5.3940581079688155,False,planilhas,baixo,seguro
they_hope.jpg,jpg,4037,4.9132738501640105,False,imagens,baixo,seguro
confidential.png,png,1323,5.5954465626397,False,imagens,baixo,seguro
pass.docx,docx,4496,5.71335656181205,False,documentos,baixo,seguro
account.js,js,2279,6.005844027260374,True,executaveis,alto,malicioso
update.zip,zip,2181,7.609224816625049,False,compactados,medio,malicioso
old.pptx,pptx,2145,4.020437077152733,False,apresentacoes,baixo,seguro
choose.pptx,pptx,1500,4.680482541242019,False,apresentacoes,baixo,seguro
invoice.rar,rar,3797,7.723005082972762,False,compactados,alto,malicioso
refund.pdf,pdf,2495,6.16921640798645,True,documentos,alto,malicioso
refund.pdf,pdf,3726,5.981772355890499,False,documentos,baixo,seguro
verify_shipping.vbs,vbs,6309,6.247378729428994,False,executaveis,alto,malicioso
refund.xlsx,xlsx,521,6.551366626878407,True,planilhas,alto,malicioso
order_shipping.docx,docx,2232,7.655742602900918,False,documentos,medio,malicioso
law.svg,svg,3477,5.708312316176205,False,imagens,baixo,seguro
statement.ps1,ps1,7765,7.725630420991579,False,executaveis,alto,malicioso
care.pdf,pdf,2488,6.432571621120649,False,documentos,baixo,seguro
delivery.ppt,ppt,346,5.241460729674374,False,apresentacoes,baixo,seguro
analysis.ppt,ppt,3844,3.8957586010466807,False,apresentacoes,baixo,seguro
foot_his.odp,odp,967,4.439808824155379,False,apresentacoes,baixo,seguro
verify.ods,ods,2963,6.278711127417222,False,planilhas,baixo,seguro
way.pptm,pptm,4371,6.982248102834221,True,macros,alto,malicioso
shipping.bat,bat,2528,7.055781945740908,False,executaveis,alto,malicioso
worker_style.jpg,jpg,1510,3.6075867445077194,False,imagens,baixo,seguro
shipping_receipt.tar,tar,9239,6.921879077477332,False,compactados,medio,malicioso
password.pdf,pdf,3009,7.586411953119639,False,documentos,medio,malicioso
password.odp,odp,4790,6.49401366647245,False,apresentacoes,baixo,seguro
urgent_shipping.rar,rar,1595,7.685998626235499,True,compactados,alto,malicioso
confidential.ppt,ppt,2569,6.054861554160864,False,apresentacoes,medio,malicioso
verify.ods,ods,145,6.625911151189833,True,planilhas,alto,malicioso
bank.png,png,1741,6.089836531475535,False,imagens,baixo,seguro
urgent.pptx,pptx,4492,6.355700565925796,False,apresentacoes,baixo,seguro
tax_password.xlsm,xlsm,2719,6.738155513115494,True,macros,alto,malicioso
traditional.png,png,1272,3.8618059523078796,False,imagens,baixo,seguro
among.pptm,pptm,5130,7.717095116536526,True,macros,alto,malicioso
way.csv,csv,4209,4.09961378178648,False,planilhas,baixo,seguro
help.gif,gif,3475,3.7706670483162394,False,imagens,baixo,seguro
refund_tracking.pptm,pptm,5649,7.849216402178238,True,macros,alto,malicioso
tracking.xlsx,xlsx,4308,3.7519103055604477,False,planilhas,baixo,seguro
develop.gif,gif,2470,3.9458196159642838,False,imagens,baixo,seguro
tracking.csv,csv,3513,4.386444901716762,False,planilhas,baixo,seguro
tracking.exe,exe,1598,6.882847334858962,False,executaveis,alto,malicioso
tracking_order.csv,csv,2991,7.493736476050284,False,planilhas,medio,malicioso
order.pptm,pptm,7421,7.185239748916661,True,macros,alto,malicioso
verify.msi,msi,1792,6.8242179491766874,True,executaveis,alto,malicioso
order.msi,msi,9911,7.379231669193303,True,executaveis,alto,malicioso
rest.odp,odp,3245,5.913922204881683,False,apresentacoes,baixo,seguro
enjoy_reflect.doc,doc,140,5.588097325798579,False,documentos,baixo,seguro
board.xls,xls,1990,4.807365421401479,False,planilhas,baixo,seguro
health.xls,xls,3892,4.765637673925239,False,planilhas,baixo,seguro
order.doc,doc,3983,4.91446759595635,False,documentos,baixo,seguro
state_opportunity.bmp,bmp,3219,3.652766540658103,False,imagens,baixo,seguro
usually.pdf,pdf,3415,6.045848783009571,False,documentos,baixo,seguro
document_tax.odp,odp,8014,6.975375870786419,False,apresentacoes,medio,malicioso
tracking.jpeg,jpeg,165,4.766013642618135,False,imagens,baixo,seguro
two.bat,bat,6884,7.689367129648791,True,executaveis,alto,malicioso
investment_pressure.pptx,pptx,2369,5.678627405886381,False,apresentacoes,baixo,seguro
statement.docm,docm,7725,6.249201277479749,True,macros,alto,malicioso
refund.odp,odp,2961,5.887917991109003,False,apresentacoes,baixo,seguro
urgent.rtf,rtf,2165,6.329253096722216,True,documentos,alto,malicioso
shipping.jpg,jpg,2497,4.204156716378769,False,imagens,baixo,seguro
so_clear.pdf,pdf,1309,4.024144384889648,False,documentos,baixo,seguro
wish_wonder.pdf,pdf,1867,3.8620640984620476,False,documentos,baixo,seguro
economic.ods,ods,2920,5.808121704608419,False,planilhas,baixo,seguro
treatment.pptx,pptx,8494,7.14815002062934,True,apresentacoes,alto,malicioso
confidential.txt,txt,877,5.844957186517996,False,documentos,baixo,seguro
confidential_confidential.rtf,rtf,3415,7.7308729640179354,True,documentos,alto,malicioso
commercial.odp,odp,823,3.9628871972954194,False,apresentacoes,baixo,seguro
confidential.pptx,pptx,1663,4.817325382746086,False,apresentacoes,baixo,seguro
such.msi,msi,7810,6.648508132583206,False,executaveis,alto,malicioso
talk.docx,docx,2964,5.388321205936267,False,documentos,baixo,seguro
bank.tar,tar,6823,7.744238109720407,False,compactados,medio,malicioso
invoice.odp,odp,212,7.363488897918679,False,apresentacoes,medio,malicioso
cost.pdf,pdf,1356,4.80221683669392,False,documentos,baixo,seguro
upon.vbs,vbs,2523,7.714771149990401,True,executaveis,alto,malicioso
itself.odp,odp,4895,6.796680065719824,False,apresentacoes,medio,malicioso
receipt.odp,odp,74,5.981010666782723,False,apresentacoes,baixo,seguro
order.ppt,ppt,8969,7.1862833931881855,False,apresentacoes,medio,malicioso
password.pptm,pptm,1430,6.070243327477005,True,macros,alto,malicioso
bank.pptx,pptx,4273,6.475771908628722,False,apresentacoes,baixo,seguro
tracking_account.ps1,ps1,433,6.05299332806175,False,executaveis,alto,malicioso
document.ppt,ppt,3473,6.460864100723145,False,apresentacoes,baixo,seguro
ago.odt,odt,4167,4.563420037712447,False,documentos,baixo,seguro
order.odt,odt,2450,5.217305840630651,False,documentos,baixo,seguro
country.docm,docm,9578,7.074634730501693,True,macros,alto,malicioso
update_document.odp,odp,9434,7.277624223872616,False,apresentacoes,medio,malicioso
password.exe,exe,5969,6.8631882226927345,True,executaveis,alto,malicioso
refund.docm,docm,7852,6.408090363798379,True,macros,alto,malicioso
since.docx,docx,4589,5.0568349982535405,False,documentos,baixo,seguro
window.png,png,3615,5.567053584703109,False,imagens,baixo,seguro
account.svg,svg,1192,5.01735767261216,False,imagens,baixo,seguro
go.docm,docm,8458,7.640216149429739,True,macros,alto,malicioso
stay.odt,odt,1294,6.3322086831709745,False,documentos,baixo,seguro
word.ppt,ppt,1000,4.608757896090256,False,apresentacoes,baixo,seguro
its_suffer.ppt,ppt,2507,6.473060303355599,False,apresentacoes,baixo,seguro
relationship.pptx,pptx,1174,5.851377500361746,False,apresentacoes,baixo,seguro
document.jpg,jpg,2332,4.1467443671020225,False,imagens,baixo,seguro
treat.jpg,jpg,376,4.752725462939808,False,imagens,baixo,seguro
simple.odp,odp,3100,4.9256826453162725,False,apresentacoes,baixo,seguro
tracking.ppt,ppt,7421,7.267719415226892,True,apresentacoes,alto,malicioso
refund.ppt,ppt,3182,4.198466850077608,False,apresentacoes,baixo,seguro
talk.png,png,3639,5.707738383353689,False,imagens,baixo,seguro
document.odt,odt,2078,7.223436960300583,True,documentos,alto,malicioso
tracking_shipping.odp,odp,8285,7.704042132463021,True,apresentacoes,alto,malicioso
password_order.pdf,pdf,1436,7.533149945838253,False,documentos,medio,malicioso
energy.bmp,bmp,200,4.519869665138812,False,imagens,baixo,seguro
tax_confidential.js,js,1677,7.029380619671169,True,executaveis,alto,malicioso
bank.csv,csv,2523,6.356494182510892,False,planilhas,baixo,seguro
example.xls,xls,232,5.6399018703066215,False,planilhas,baixo,seguro
collection_store.pptx,pptx,2665,4.273802869964685,False,apresentacoes,baixo,seguro
science.pdf,pdf,4810,4.209473352722364,False,documentos,baixo,seguro
box.tar,tar,4462,6.115200758016402,False,compactados,medio,malicioso
idea.jpg,jpg,1924,6.241205294865874,False,imagens,baixo,seguro
turn.docx,docx,841,4.238948287732414,False,documentos,baixo,seguro
order_tracking.bat,bat,3383,7.4874750162588946,True,executaveis,alto,malicioso
